Domain,Keyword,Ort,Ranking
https://insektenbekaempfung24.de/,Schädlingsbemkäpfung,Regensburg,0
https://insektenbekaempfung24.de/,Schädlingsbemkäpfung,Lappersdorf,0
https://insektenbekaempfung24.de/,Schädlingsbemkäpfung,Tergernheim,0
https://insektenbekaempfung24.de/,Schädlingsbemkäpfung,Barbing,0
https://insektenbekaempfung24.de/,Schädlingsbemkäpfung, Neutraubling,0
https://insektenbekaempfung24.de/,Schädlingsbemkäpfung,Obertraubling,0
https://insektenbekaempfung24.de/,Schädlingsbemkäpfung,Pentling,0
https://insektenbekaempfung24.de/,Schädlingsbemkäpfung,Sinzing,0
https://insektenbekaempfung24.de/,Schädlingsbemkäpfung,Nittendorf,0
